<?xml version="1.0" encoding="utf-8"?>
<ripple xmlns:android="http://schemas.android.com/apk/res/android"
    xmlns:tools="http://schemas.android.com/tools"
    android:color="#FFFFFF"
    tools:targetApi="lollipop">
    <item android:id="@android:id/mask">
        <shape android:shape="rectangle">
            <solid android:color="@color/buttonBackground" />
        </shape>
    </item>
    <item>
        <shape>
            <solid android:color="@color/buttonBackground" />
            <corners android:radius="12dp" />
        </shape>
    </item>
</ripple>