<?xml version="1.0" encoding="utf-8"?>
<selector
    xmlns:android="http://schemas.android.com/apk/res/android">
    <item android:state_checked="false">
        <shape android:shape="rectangle">
            <solid android:color="#ffffff"/>
            <size android:width="20dp"
                android:height="20dp"/>
            <stroke android:width="1dp"
                android:color="#8c8c8c"/>
            <corners android:radius="15dp"/>
        </shape>
    </item>
    <item android:state_checked="true">
        <shape android:shape="rectangle">
            <solid android:color="#ffffff"/>
            <size android:width="20dp"
                android:height="20dp"/>
            <stroke android:width="1dp"
                android:color="#34c759"/>
            <corners android:radius="15dp"/>
        </shape>
    </item>
</selector>