<vector android:height="15dp" android:viewportHeight="27.252085"
    android:viewportWidth="36.247917" android:width="15dp" xmlns:android="http://schemas.android.com/apk/res/android">
    <path android:fillAlpha="1" android:fillColor="#efccbe"
        android:pathData="M7.3424,22.381L34.0321,22.381A0.3703,0.3703 0,0 1,34.4024 22.7513L34.4024,24.1654A0.3703,0.3703 0,0 1,34.0321 24.5357L7.3424,24.5357A0.3703,0.3703 0,0 1,6.9721 24.1654L6.9721,22.7513A0.3703,0.3703 0,0 1,7.3424 22.381z"
        android:strokeAlpha="1" android:strokeColor="#9f82a9"
        android:strokeLineCap="round" android:strokeLineJoin="round" android:strokeWidth="0"/>
    <path android:fillAlpha="1" android:fillColor="#9f82a9"
        android:pathData="m29.7521,20.8279c-0.1139,0 -0.2278,-0.0417 -0.3167,-0.1259l-5.328,-4.9984c-0.1861,-0.1741 -0.1954,-0.4676 -0.0204,-0.6537 0.175,-0.188 0.4667,-0.1963 0.6547,-0.0204l5.328,4.9984c0.1861,0.1741 0.1954,0.4676 0.0204,0.6537 -0.0917,0.0972 -0.2139,0.1463 -0.338,0.1463z"
        android:strokeAlpha="1" android:strokeColor="#9f82a9" android:strokeWidth="0"/>
    <path android:fillAlpha="1" android:fillColor="#9f82a9"
        android:pathData="M11.967,20.8279C11.8439,20.8279 11.7207,20.7788 11.629,20.6816 11.454,20.4955 11.4633,20.2019 11.6494,20.0278l5.3299,-4.9984c0.187,-0.1741 0.4806,-0.1667 0.6547,0.0204 0.175,0.1861 0.1657,0.4797 -0.0204,0.6537L12.2837,20.702C12.1948,20.7862 12.0809,20.8279 11.967,20.8279Z"
        android:strokeAlpha="1" android:strokeColor="#9f82a9" android:strokeWidth="0"/>
    <path android:fillAlpha="1" android:fillColor="#9f82a9"
        android:pathData="M32.9032,25.4753L8.8169,25.4753C7.5409,25.4753 6.502,24.4373 6.502,23.1604L6.502,7.3754c0,-1.2769 1.0389,-2.3149 2.3149,-2.3149l24.0863,0c1.276,0 2.3149,1.038 2.3149,2.3149l0,15.785c0,1.2769 -1.0389,2.3149 -2.3149,2.3149zM8.8169,5.9865C8.0511,5.9865 7.4279,6.6096 7.4279,7.3754l0,15.785c0,0.7658 0.6232,1.389 1.389,1.389l24.0863,0c0.7658,0 1.389,-0.6232 1.389,-1.389L34.2921,7.3754c0,-0.7658 -0.6232,-1.389 -1.389,-1.389z"
        android:strokeAlpha="1" android:strokeColor="#9f82a9" android:strokeWidth="0"/>
    <path android:fillAlpha="1" android:fillColor="#9f82a9"
        android:pathData="m20.86,17.5944c-0.6158,0 -1.2315,-0.2046 -1.7001,-0.613L7.2705,6.6096C7.0779,6.442 7.0575,6.1494 7.2251,5.9559 7.3946,5.7633 7.6863,5.7457 7.8789,5.9115l11.8894,10.3708c0.5917,0.5158 1.5917,0.5158 2.1825,0L33.8254,5.9281c0.1917,-0.1676 0.4834,-0.1491 0.6537,0.0444 0.1676,0.1935 0.1482,0.4852 -0.0444,0.6537L22.5601,16.9805c-0.4695,0.4093 -1.0843,0.6139 -1.7001,0.6139z"
        android:strokeAlpha="1" android:strokeColor="#9f82a9" android:strokeWidth="0"/>
    <path android:fillColor="#00000000"
        android:pathData="M8.98,22.028L8.98,23.4401"
        android:strokeAlpha="1" android:strokeColor="#9f82a9"
        android:strokeLineCap="round" android:strokeLineJoin="miter" android:strokeWidth="1.03464568"/>
    <path android:fillColor="#00000000"
        android:pathData="M11.8109,22.0059L11.8109,23.4181"
        android:strokeAlpha="1" android:strokeColor="#9f82a9"
        android:strokeLineCap="round" android:strokeLineJoin="miter" android:strokeWidth="1.03464568"/>
    <path android:fillColor="#00000000"
        android:pathData="M14.6418,22.0059L14.6418,23.4181"
        android:strokeAlpha="1" android:strokeColor="#9f82a9"
        android:strokeLineCap="round" android:strokeLineJoin="miter" android:strokeWidth="1.03464568"/>
    <path android:fillColor="#00000000"
        android:pathData="M17.4727,22.028L17.4727,23.4401"
        android:strokeAlpha="1" android:strokeColor="#9f82a9"
        android:strokeLineCap="round" android:strokeLineJoin="miter" android:strokeWidth="1.03464568"/>
    <path android:fillColor="#00000000"
        android:pathData="M20.3036,22.0059L20.3036,23.4181"
        android:strokeAlpha="1" android:strokeColor="#9f82a9"
        android:strokeLineCap="round" android:strokeLineJoin="miter" android:strokeWidth="1.03464568"/>
    <path android:fillColor="#00000000"
        android:pathData="M23.1345,22.0059L23.1345,23.4181"
        android:strokeAlpha="1" android:strokeColor="#9f82a9"
        android:strokeLineCap="round" android:strokeLineJoin="miter" android:strokeWidth="1.03464568"/>
    <path android:fillColor="#00000000"
        android:pathData="M25.9654,21.8956L25.9654,23.3078"
        android:strokeAlpha="1" android:strokeColor="#9f82a9"
        android:strokeLineCap="round" android:strokeLineJoin="miter" android:strokeWidth="1.03464568"/>
    <path android:fillColor="#00000000"
        android:pathData="M28.7963,21.8735L28.7963,23.2857"
        android:strokeAlpha="1" android:strokeColor="#9f82a9"
        android:strokeLineCap="round" android:strokeLineJoin="miter" android:strokeWidth="1.03464568"/>
    <path android:fillColor="#00000000"
        android:pathData="M31.6272,21.8735L31.6272,23.2857"
        android:strokeAlpha="1" android:strokeColor="#9f82a9"
        android:strokeLineCap="round" android:strokeLineJoin="miter" android:strokeWidth="1.03464568"/>
    <path android:fillAlpha="1" android:fillColor="#72caaf"
        android:pathData="M6.7735,8.4579m-5.3839,0a5.3839,5.3839 135,1 1,10.7678 0a5.3839,5.3839 0,1 1,-10.7678 0"
        android:strokeAlpha="1" android:strokeColor="#9f82a9"
        android:strokeLineCap="round" android:strokeLineJoin="round" android:strokeWidth="1.88503945"/>
    <path android:fillColor="#ffffff"
        android:pathData="M6.5214,9.9999L6.5214,11.8213l2.602,-2.602 -2.602,-2.602 -0.0154,2.3186c-1.7173,-0 -3.0297,-1.0267 -3.0297,-2.744 0.0487,-0.9684 0.1754,-1.4178 0.3408,-1.6898 -0.639,0.5057 -0.9789,0.8728 -1.4028,1.6113C2.4142,8.4033 4.2316,9.9999 6.5214,9.9999Z"
        android:strokeAlpha="1" android:strokeColor="#00000000"/>
</vector>
